Oxygen,Treatment,Hemoglobin_saturation
0,T1,0
1,T1,0.062271711
2,T1,0.110728324
3,T1,0.162394324
5,T1,0.234584468
10,T1,0.368437807
15,T1,0.475198074
21,T1,0.555063841
100,T1,0.749975
0,T2,0
1,T2,0.105707587
2,T2,0.176806057
3,T2,0.243634845
5,T2,0.344801181
10,T2,0.493199453
15,T2,0.595884415
21,T2,0.686048008
100,T2,0.8802125